{"cameraMode":{"drawMode":0,"name":"Shaded","section":"Shading Mode"},"sceneLighting":true,"audioPlay":false,"sceneViewState":{"showFog":true,"showMaterialUpdate":false,"showSkybox":true,"showFlares":true,"showImageEffects":true,"showParticleSystems":true},"in2DMode":false,"pivot":{"x":653.7383422851563,"y":534.9475708007813,"z":1.492431640625},"rotation":{"x":-0.02580629661679268,"y":0.0042284466326236729,"z":-0.00008877375512383878,"w":-0.9996739625930786},"size":1174.6180419921875,"orthographic":false}