{"cameraMode":{"drawMode":0,"name":"Shaded","section":"Shading Mode"},"sceneLighting":true,"audioPlay":false,"sceneViewState":{"showFog":true,"showMaterialUpdate":false,"showSkybox":true,"showFlares":true,"showImageEffects":true,"showParticleSystems":true},"in2DMode":false,"pivot":{"x":534.5364990234375,"y":961.28076171875,"z":59.721923828125},"rotation":{"x":0.05578119307756424,"y":0.004475742112845182,"z":-0.0003201547951903194,"w":0.9984612464904785},"size":1487.87451171875,"orthographic":false}